Time(s),NodeID,Role,RemainingEnergy(J)
5,0,SENSOR,9999.89
5,1,SENSOR,9999.89
5,2,SENSOR,9999.89
5,3,SENSOR,9999.89
5,4,SENSOR,9999.89
5,5,SENSOR,9999.89
5,6,SENSOR,9999.89
5,7,SENSOR,9999.89
5,8,SENSOR,9999.89
5,9,SENSOR,9999.89
5,10,SENSOR,9999.89
5,11,SENSOR,9999.89
5,12,SENSOR,9999.89
5,13,SENSOR,9999.89
5,14,SENSOR,9999.89
5,15,SENSOR,9999.89
5,16,SENSOR,9999.89
5,17,SENSOR,9999.89
5,18,SENSOR,9999.89
5,19,SENSOR,9999.89
5,20,SENSOR,9999.89
5,21,SENSOR,9999.89
5,22,SENSOR,9999.89
5,23,SENSOR,9999.89
5,24,SENSOR,9999.89
5,25,SENSOR,9999.89
5,26,SENSOR,9999.89
5,27,SENSOR,9999.89
5,28,SENSOR,9999.89
5,29,SENSOR,9999.89
5,30,SENSOR,9999.89
5,31,SENSOR,9999.89
5,32,SENSOR,9999.89
5,33,SENSOR,9999.89
5,34,SENSOR,9999.89
5,35,SENSOR,9999.89
5,36,SENSOR,9999.89
5,37,SENSOR,9999.89
5,38,SENSOR,9999.89
5,39,SENSOR,9999.89
5,40,SENSOR,9999.89
5,41,SENSOR,9999.89
5,42,SENSOR,9999.89
5,43,SENSOR,9999.89
5,44,SENSOR,9999.89
5,45,SENSOR,9999.89
5,46,SENSOR,9999.89
5,47,SENSOR,9999.89
5,48,SENSOR,9999.89
5,49,SENSOR,9999.89
5,50,SENSOR,9999.89
5,51,SENSOR,9999.89
5,52,SENSOR,9999.89
5,53,SENSOR,9999.89
5,54,SENSOR,9999.89
5,55,SENSOR,9999.89
5,56,SENSOR,9999.89
5,57,SENSOR,9999.89
5,58,SENSOR,9999.89
5,59,SENSOR,9999.89
5,60,SENSOR,9999.89
5,61,SENSOR,9999.89
5,62,SENSOR,9999.89
5,63,SENSOR,9999.89
5,64,SENSOR,9999.89
5,65,SENSOR,9999.89
5,66,SENSOR,9999.89
5,67,SENSOR,9999.89
5,68,SENSOR,9999.89
5,69,SENSOR,9999.89
5,70,SENSOR,9999.89
5,71,SENSOR,9999.89
5,72,SENSOR,9999.89
5,73,SENSOR,9999.89
5,74,SENSOR,9999.89
5,75,SENSOR,9999.89
5,76,SENSOR,9999.89
5,77,SENSOR,9999.89
5,78,SENSOR,9999.89
5,79,SENSOR,9999.89
5,80,SENSOR,9999.89
5,81,SENSOR,9999.89
5,82,SENSOR,9999.89
5,83,SENSOR,9999.89
5,84,SENSOR,9999.89
5,85,SENSOR,9999.89
5,86,SENSOR,9999.89
5,87,SENSOR,9999.89
5,88,SENSOR,9999.89
5,89,SENSOR,9999.89
5,90,SENSOR,9999.89
5,91,SENSOR,9999.89
5,92,SENSOR,9999.89
5,93,SENSOR,9999.89
5,94,SENSOR,9999.89
5,95,SENSOR,9999.89
5,96,SENSOR,9999.89
5,97,SENSOR,9999.89
5,98,SENSOR,9999.89
5,99,SENSOR,9999.89
5,100,CH,9999.9
5,101,CH,9999.9
5,102,CH,9999.9
5,103,CH,9999.9
5,104,CH,9999.9
5,105,CH,9999.9
5,106,CH,9999.9
5,107,CH,9999.9
5,108,CH,9999.9
5,109,CH,9999.9
10,0,SENSOR,9999.77
10,1,SENSOR,9999.77
10,2,SENSOR,9999.77
10,3,SENSOR,9999.77
10,4,SENSOR,9999.77
10,5,SENSOR,9999.77
10,6,SENSOR,9999.77
10,7,SENSOR,9999.77
10,8,SENSOR,9999.77
10,9,SENSOR,9999.77
10,10,SENSOR,9999.77
10,11,SENSOR,9999.77
10,12,SENSOR,9999.77
10,13,SENSOR,9999.77
10,14,SENSOR,9999.77
10,15,SENSOR,9999.77
10,16,SENSOR,9999.77
10,17,SENSOR,9999.77
10,18,SENSOR,9999.77
10,19,SENSOR,9999.77
10,20,SENSOR,9999.77
10,21,SENSOR,9999.77
10,22,SENSOR,9999.77
10,23,SENSOR,9999.77
10,24,SENSOR,9999.77
10,25,SENSOR,9999.77
10,26,SENSOR,9999.77
10,27,SENSOR,9999.77
10,28,SENSOR,9999.77
10,29,SENSOR,9999.77
10,30,SENSOR,9999.77
10,31,SENSOR,9999.77
10,32,SENSOR,9999.77
10,33,SENSOR,9999.77
10,34,SENSOR,9999.77
10,35,SENSOR,9999.77
10,36,SENSOR,9999.77
10,37,SENSOR,9999.77
10,38,SENSOR,9999.77
10,39,SENSOR,9999.77
10,40,SENSOR,9999.77
10,41,SENSOR,9999.77
10,42,SENSOR,9999.77
10,43,SENSOR,9999.77
10,44,SENSOR,9999.77
10,45,SENSOR,9999.77
10,46,SENSOR,9999.77
10,47,SENSOR,9999.77
10,48,SENSOR,9999.77
10,49,SENSOR,9999.77
10,50,SENSOR,9999.77
10,51,SENSOR,9999.77
10,52,SENSOR,9999.77
10,53,SENSOR,9999.77
10,54,SENSOR,9999.77
10,55,SENSOR,9999.77
10,56,SENSOR,9999.77
10,57,SENSOR,9999.77
10,58,SENSOR,9999.77
10,59,SENSOR,9999.77
10,60,SENSOR,9999.77
10,61,SENSOR,9999.77
10,62,SENSOR,9999.77
10,63,SENSOR,9999.77
10,64,SENSOR,9999.77
10,65,SENSOR,9999.77
10,66,SENSOR,9999.77
10,67,SENSOR,9999.77
10,68,SENSOR,9999.77
10,69,SENSOR,9999.77
10,70,SENSOR,9999.77
10,71,SENSOR,9999.77
10,72,SENSOR,9999.77
10,73,SENSOR,9999.77
10,74,SENSOR,9999.77
10,75,SENSOR,9999.77
10,76,SENSOR,9999.77
10,77,SENSOR,9999.77
10,78,SENSOR,9999.77
10,79,SENSOR,9999.77
10,80,SENSOR,9999.77
10,81,SENSOR,9999.77
10,82,SENSOR,9999.77
10,83,SENSOR,9999.77
10,84,SENSOR,9999.77
10,85,SENSOR,9999.77
10,86,SENSOR,9999.77
10,87,SENSOR,9999.77
10,88,SENSOR,9999.77
10,89,SENSOR,9999.77
10,90,SENSOR,9999.77
10,91,SENSOR,9999.77
10,92,SENSOR,9999.77
10,93,SENSOR,9999.77
10,94,SENSOR,9999.77
10,95,SENSOR,9999.77
10,96,SENSOR,9999.77
10,97,SENSOR,9999.77
10,98,SENSOR,9999.77
10,99,SENSOR,9999.77
10,100,CH,9999.78
10,101,CH,9999.78
10,102,CH,9999.78
10,103,CH,9999.78
10,104,CH,9999.78
10,105,CH,9999.78
10,106,CH,9999.78
10,107,CH,9999.78
10,108,CH,9999.78
10,109,CH,9999.78
15,0,SENSOR,9999.71
15,1,SENSOR,9999.71
15,2,SENSOR,9999.71
15,3,SENSOR,9999.71
15,4,SENSOR,9999.71
15,5,SENSOR,9999.71
15,6,SENSOR,9999.71
15,7,SENSOR,9999.71
15,8,SENSOR,9999.71
15,9,SENSOR,9999.71
15,10,SENSOR,9999.71
15,11,SENSOR,9999.71
15,12,SENSOR,9999.71
15,13,SENSOR,9999.71
15,14,SENSOR,9999.71
15,15,SENSOR,9999.71
15,16,SENSOR,9999.71
15,17,SENSOR,9999.71
15,18,SENSOR,9999.71
15,19,SENSOR,9999.71
15,20,SENSOR,9999.71
15,21,SENSOR,9999.71
15,22,SENSOR,9999.71
15,23,SENSOR,9999.71
15,24,SENSOR,9999.71
15,25,SENSOR,9999.71
15,26,SENSOR,9999.71
15,27,SENSOR,9999.71
15,28,SENSOR,9999.71
15,29,SENSOR,9999.71
15,30,SENSOR,9999.71
15,31,SENSOR,9999.71
15,32,SENSOR,9999.71
15,33,SENSOR,9999.71
15,34,SENSOR,9999.71
15,35,SENSOR,9999.71
15,36,SENSOR,9999.71
15,37,SENSOR,9999.71
15,38,SENSOR,9999.71
15,39,SENSOR,9999.71
15,40,SENSOR,9999.71
15,41,SENSOR,9999.71
15,42,SENSOR,9999.71
15,43,SENSOR,9999.71
15,44,SENSOR,9999.71
15,45,SENSOR,9999.71
15,46,SENSOR,9999.71
15,47,SENSOR,9999.71
15,48,SENSOR,9999.71
15,49,SENSOR,9999.71
15,50,SENSOR,9999.71
15,51,SENSOR,9999.71
15,52,SENSOR,9999.71
15,53,SENSOR,9999.71
15,54,SENSOR,9999.71
15,55,SENSOR,9999.71
15,56,SENSOR,9999.71
15,57,SENSOR,9999.71
15,58,SENSOR,9999.71
15,59,SENSOR,9999.71
15,60,SENSOR,9999.71
15,61,SENSOR,9999.71
15,62,SENSOR,9999.71
15,63,SENSOR,9999.71
15,64,SENSOR,9999.71
15,65,SENSOR,9999.71
15,66,SENSOR,9999.71
15,67,SENSOR,9999.71
15,68,SENSOR,9999.71
15,69,SENSOR,9999.71
15,70,SENSOR,9999.71
15,71,SENSOR,9999.71
15,72,SENSOR,9999.71
15,73,SENSOR,9999.71
15,74,SENSOR,9999.71
15,75,SENSOR,9999.71
15,76,SENSOR,9999.71
15,77,SENSOR,9999.71
15,78,SENSOR,9999.71
15,79,SENSOR,9999.71
15,80,SENSOR,9999.71
15,81,SENSOR,9999.71
15,82,SENSOR,9999.71
15,83,SENSOR,9999.71
15,84,SENSOR,9999.71
15,85,SENSOR,9999.71
15,86,SENSOR,9999.71
15,87,SENSOR,9999.71
15,88,SENSOR,9999.71
15,89,SENSOR,9999.71
15,90,SENSOR,9999.71
15,91,SENSOR,9999.71
15,92,SENSOR,9999.71
15,93,SENSOR,9999.71
15,94,SENSOR,9999.71
15,95,SENSOR,9999.71
15,96,SENSOR,9999.71
15,97,SENSOR,9999.71
15,98,SENSOR,9999.71
15,99,SENSOR,9999.71
15,100,CH,9999.38
15,101,CH,9999.38
15,102,CH,9999.38
15,103,CH,9999.38
15,104,CH,9999.38
15,105,CH,9999.38
15,106,CH,9999.38
15,107,CH,9999.38
15,108,CH,9999.38
15,109,CH,9999.38
20,0,SENSOR,9999.65
20,1,SENSOR,9999.65
20,2,SENSOR,9999.65
20,3,SENSOR,9999.65
20,4,SENSOR,9999.65
20,5,SENSOR,9999.65
20,6,SENSOR,9999.65
20,7,SENSOR,9999.65
20,8,SENSOR,9999.65
20,9,SENSOR,9999.65
20,10,SENSOR,9999.65
20,11,SENSOR,9999.65
20,12,SENSOR,9999.65
20,13,SENSOR,9999.65
20,14,SENSOR,9999.65
20,15,SENSOR,9999.65
20,16,SENSOR,9999.65
20,17,SENSOR,9999.65
20,18,SENSOR,9999.65
20,19,SENSOR,9999.65
20,20,SENSOR,9999.65
20,21,SENSOR,9999.65
20,22,SENSOR,9999.65
20,23,SENSOR,9999.65
20,24,SENSOR,9999.65
20,25,SENSOR,9999.65
20,26,SENSOR,9999.65
20,27,SENSOR,9999.65
20,28,SENSOR,9999.65
20,29,SENSOR,9999.65
20,30,SENSOR,9999.65
20,31,SENSOR,9999.65
20,32,SENSOR,9999.65
20,33,SENSOR,9999.65
20,34,SENSOR,9999.65
20,35,SENSOR,9999.65
20,36,SENSOR,9999.65
20,37,SENSOR,9999.65
20,38,SENSOR,9999.65
20,39,SENSOR,9999.65
20,40,SENSOR,9999.65
20,41,SENSOR,9999.65
20,42,SENSOR,9999.65
20,43,SENSOR,9999.65
20,44,SENSOR,9999.65
20,45,SENSOR,9999.65
20,46,SENSOR,9999.65
20,47,SENSOR,9999.65
20,48,SENSOR,9999.65
20,49,SENSOR,9999.65
20,50,SENSOR,9999.65
20,51,SENSOR,9999.65
20,52,SENSOR,9999.65
20,53,SENSOR,9999.65
20,54,SENSOR,9999.65
20,55,SENSOR,9999.65
20,56,SENSOR,9999.65
20,57,SENSOR,9999.65
20,58,SENSOR,9999.65
20,59,SENSOR,9999.65
20,60,SENSOR,9999.65
20,61,SENSOR,9999.65
20,62,SENSOR,9999.65
20,63,SENSOR,9999.65
20,64,SENSOR,9999.65
20,65,SENSOR,9999.65
20,66,SENSOR,9999.65
20,67,SENSOR,9999.65
20,68,SENSOR,9999.65
20,69,SENSOR,9999.65
20,70,SENSOR,9999.65
20,71,SENSOR,9999.65
20,72,SENSOR,9999.65
20,73,SENSOR,9999.65
20,74,SENSOR,9999.65
20,75,SENSOR,9999.65
20,76,SENSOR,9999.65
20,77,SENSOR,9999.65
20,78,SENSOR,9999.65
20,79,SENSOR,9999.65
20,80,SENSOR,9999.65
20,81,SENSOR,9999.65
20,82,SENSOR,9999.65
20,83,SENSOR,9999.65
20,84,SENSOR,9999.65
20,85,SENSOR,9999.65
20,86,SENSOR,9999.65
20,87,SENSOR,9999.65
20,88,SENSOR,9999.65
20,89,SENSOR,9999.65
20,90,SENSOR,9999.65
20,91,SENSOR,9999.65
20,92,SENSOR,9999.65
20,93,SENSOR,9999.65
20,94,SENSOR,9999.65
20,95,SENSOR,9999.65
20,96,SENSOR,9999.65
20,97,SENSOR,9999.65
20,98,SENSOR,9999.65
20,99,SENSOR,9999.65
20,100,CH,9998.98
20,101,CH,9998.98
20,102,CH,9998.98
20,103,CH,9998.98
20,104,CH,9998.98
20,105,CH,9998.98
20,106,CH,9998.98
20,107,CH,9998.98
20,108,CH,9998.98
20,109,CH,9998.98
25,0,SENSOR,9999.59
25,1,SENSOR,9999.59
25,2,SENSOR,9999.59
25,3,SENSOR,9999.59
25,4,SENSOR,9999.59
25,5,SENSOR,9999.59
25,6,SENSOR,9999.59
25,7,SENSOR,9999.59
25,8,SENSOR,9999.59
25,9,SENSOR,9999.59
25,10,SENSOR,9999.59
25,11,SENSOR,9999.59
25,12,SENSOR,9999.59
25,13,SENSOR,9999.59
25,14,SENSOR,9999.59
25,15,SENSOR,9999.59
25,16,SENSOR,9999.59
25,17,SENSOR,9999.59
25,18,SENSOR,9999.59
25,19,SENSOR,9999.59
25,20,SENSOR,9999.59
25,21,SENSOR,9999.59
25,22,SENSOR,9999.59
25,23,SENSOR,9999.59
25,24,SENSOR,9999.59
25,25,SENSOR,9999.59
25,26,SENSOR,9999.59
25,27,SENSOR,9999.59
25,28,SENSOR,9999.59
25,29,SENSOR,9999.59
25,30,SENSOR,9999.59
25,31,SENSOR,9999.59
25,32,SENSOR,9999.59
25,33,SENSOR,9999.59
25,34,SENSOR,9999.59
25,35,SENSOR,9999.59
25,36,SENSOR,9999.59
25,37,SENSOR,9999.59
25,38,SENSOR,9999.59
25,39,SENSOR,9999.59
25,40,SENSOR,9999.59
25,41,SENSOR,9999.59
25,42,SENSOR,9999.59
25,43,SENSOR,9999.59
25,44,SENSOR,9999.59
25,45,SENSOR,9999.59
25,46,SENSOR,9999.59
25,47,SENSOR,9999.59
25,48,SENSOR,9999.59
25,49,SENSOR,9999.59
25,50,SENSOR,9999.59
25,51,SENSOR,9999.59
25,52,SENSOR,9999.59
25,53,SENSOR,9999.59
25,54,SENSOR,9999.59
25,55,SENSOR,9999.59
25,56,SENSOR,9999.59
25,57,SENSOR,9999.59
25,58,SENSOR,9999.59
25,59,SENSOR,9999.59
25,60,SENSOR,9999.59
25,61,SENSOR,9999.59
25,62,SENSOR,9999.59
25,63,SENSOR,9999.59
25,64,SENSOR,9999.59
25,65,SENSOR,9999.59
25,66,SENSOR,9999.59
25,67,SENSOR,9999.59
25,68,SENSOR,9999.59
25,69,SENSOR,9999.59
25,70,SENSOR,9999.59
25,71,SENSOR,9999.59
25,72,SENSOR,9999.59
25,73,SENSOR,9999.59
25,74,SENSOR,9999.59
25,75,SENSOR,9999.59
25,76,SENSOR,9999.59
25,77,SENSOR,9999.59
25,78,SENSOR,9999.59
25,79,SENSOR,9999.59
25,80,SENSOR,9999.59
25,81,SENSOR,9999.59
25,82,SENSOR,9999.59
25,83,SENSOR,9999.59
25,84,SENSOR,9999.59
25,85,SENSOR,9999.59
25,86,SENSOR,9999.59
25,87,SENSOR,9999.59
25,88,SENSOR,9999.59
25,89,SENSOR,9999.59
25,90,SENSOR,9999.59
25,91,SENSOR,9999.59
25,92,SENSOR,9999.59
25,93,SENSOR,9999.59
25,94,SENSOR,9999.59
25,95,SENSOR,9999.59
25,96,SENSOR,9999.59
25,97,SENSOR,9999.59
25,98,SENSOR,9999.59
25,99,SENSOR,9999.59
25,100,CH,9998.58
25,101,CH,9998.58
25,102,CH,9998.58
25,103,CH,9998.58
25,104,CH,9998.58
25,105,CH,9998.58
25,106,CH,9998.58
25,107,CH,9998.58
25,108,CH,9998.58
25,109,CH,9998.58
30,0,SENSOR,9999.53
30,1,SENSOR,9999.53
30,2,SENSOR,9999.53
30,3,SENSOR,9999.53
30,4,SENSOR,9999.53
30,5,SENSOR,9999.53
30,6,SENSOR,9999.53
30,7,SENSOR,9999.53
30,8,SENSOR,9999.53
30,9,SENSOR,9999.53
30,10,SENSOR,9999.53
30,11,SENSOR,9999.53
30,12,SENSOR,9999.53
30,13,SENSOR,9999.53
30,14,SENSOR,9999.53
30,15,SENSOR,9999.53
30,16,SENSOR,9999.53
30,17,SENSOR,9999.53
30,18,SENSOR,9999.53
30,19,SENSOR,9999.53
30,20,SENSOR,9999.53
30,21,SENSOR,9999.53
30,22,SENSOR,9999.53
30,23,SENSOR,9999.53
30,24,SENSOR,9999.53
30,25,SENSOR,9999.53
30,26,SENSOR,9999.53
30,27,SENSOR,9999.53
30,28,SENSOR,9999.53
30,29,SENSOR,9999.53
30,30,SENSOR,9999.53
30,31,SENSOR,9999.53
30,32,SENSOR,9999.53
30,33,SENSOR,9999.53
30,34,SENSOR,9999.53
30,35,SENSOR,9999.53
30,36,SENSOR,9999.53
30,37,SENSOR,9999.53
30,38,SENSOR,9999.53
30,39,SENSOR,9999.53
30,40,SENSOR,9999.53
30,41,SENSOR,9999.53
30,42,SENSOR,9999.53
30,43,SENSOR,9999.53
30,44,SENSOR,9999.53
30,45,SENSOR,9999.53
30,46,SENSOR,9999.53
30,47,SENSOR,9999.53
30,48,SENSOR,9999.53
30,49,SENSOR,9999.53
30,50,SENSOR,9999.53
30,51,SENSOR,9999.53
30,52,SENSOR,9999.53
30,53,SENSOR,9999.53
30,54,SENSOR,9999.53
30,55,SENSOR,9999.53
30,56,SENSOR,9999.53
30,57,SENSOR,9999.53
30,58,SENSOR,9999.53
30,59,SENSOR,9999.53
30,60,SENSOR,9999.53
30,61,SENSOR,9999.53
30,62,SENSOR,9999.53
30,63,SENSOR,9999.53
30,64,SENSOR,9999.53
30,65,SENSOR,9999.53
30,66,SENSOR,9999.53
30,67,SENSOR,9999.53
30,68,SENSOR,9999.53
30,69,SENSOR,9999.53
30,70,SENSOR,9999.53
30,71,SENSOR,9999.53
30,72,SENSOR,9999.53
30,73,SENSOR,9999.53
30,74,SENSOR,9999.53
30,75,SENSOR,9999.53
30,76,SENSOR,9999.53
30,77,SENSOR,9999.53
30,78,SENSOR,9999.53
30,79,SENSOR,9999.53
30,80,SENSOR,9999.53
30,81,SENSOR,9999.53
30,82,SENSOR,9999.53
30,83,SENSOR,9999.53
30,84,SENSOR,9999.53
30,85,SENSOR,9999.53
30,86,SENSOR,9999.53
30,87,SENSOR,9999.53
30,88,SENSOR,9999.53
30,89,SENSOR,9999.53
30,90,SENSOR,9999.53
30,91,SENSOR,9999.53
30,92,SENSOR,9999.53
30,93,SENSOR,9999.53
30,94,SENSOR,9999.53
30,95,SENSOR,9999.53
30,96,SENSOR,9999.53
30,97,SENSOR,9999.53
30,98,SENSOR,9999.53
30,99,SENSOR,9999.53
30,100,CH,9998.18
30,101,CH,9998.18
30,102,CH,9998.18
30,103,CH,9998.18
30,104,CH,9998.18
30,105,CH,9998.18
30,106,CH,9998.18
30,107,CH,9998.18
30,108,CH,9998.18
30,109,CH,9998.18
35,0,SENSOR,9999.47
35,1,SENSOR,9999.47
35,2,SENSOR,9999.47
35,3,SENSOR,9999.47
35,4,SENSOR,9999.47
35,5,SENSOR,9999.47
35,6,SENSOR,9999.47
35,7,SENSOR,9999.47
35,8,SENSOR,9999.47
35,9,SENSOR,9999.47
35,10,SENSOR,9999.47
35,11,SENSOR,9999.47
35,12,SENSOR,9999.47
35,13,SENSOR,9999.47
35,14,SENSOR,9999.47
35,15,SENSOR,9999.47
35,16,SENSOR,9999.47
35,17,SENSOR,9999.47
35,18,SENSOR,9999.47
35,19,SENSOR,9999.47
35,20,SENSOR,9999.47
35,21,SENSOR,9999.47
35,22,SENSOR,9999.47
35,23,SENSOR,9999.47
35,24,SENSOR,9999.47
35,25,SENSOR,9999.47
35,26,SENSOR,9999.47
35,27,SENSOR,9999.47
35,28,SENSOR,9999.47
35,29,SENSOR,9999.47
35,30,SENSOR,9999.47
35,31,SENSOR,9999.47
35,32,SENSOR,9999.47
35,33,SENSOR,9999.47
35,34,SENSOR,9999.47
35,35,SENSOR,9999.47
35,36,SENSOR,9999.47
35,37,SENSOR,9999.47
35,38,SENSOR,9999.47
35,39,SENSOR,9999.47
35,40,SENSOR,9999.47
35,41,SENSOR,9999.47
35,42,SENSOR,9999.47
35,43,SENSOR,9999.47
35,44,SENSOR,9999.47
35,45,SENSOR,9999.47
35,46,SENSOR,9999.47
35,47,SENSOR,9999.47
35,48,SENSOR,9999.47
35,49,SENSOR,9999.47
35,50,SENSOR,9999.47
35,51,SENSOR,9999.47
35,52,SENSOR,9999.47
35,53,SENSOR,9999.47
35,54,SENSOR,9999.47
35,55,SENSOR,9999.47
35,56,SENSOR,9999.47
35,57,SENSOR,9999.47
35,58,SENSOR,9999.47
35,59,SENSOR,9999.47
35,60,SENSOR,9999.47
35,61,SENSOR,9999.47
35,62,SENSOR,9999.47
35,63,SENSOR,9999.47
35,64,SENSOR,9999.47
35,65,SENSOR,9999.47
35,66,SENSOR,9999.47
35,67,SENSOR,9999.47
35,68,SENSOR,9999.47
35,69,SENSOR,9999.47
35,70,SENSOR,9999.47
35,71,SENSOR,9999.47
35,72,SENSOR,9999.47
35,73,SENSOR,9999.47
35,74,SENSOR,9999.47
35,75,SENSOR,9999.47
35,76,SENSOR,9999.47
35,77,SENSOR,9999.47
35,78,SENSOR,9999.47
35,79,SENSOR,9999.47
35,80,SENSOR,9999.47
35,81,SENSOR,9999.47
35,82,SENSOR,9999.47
35,83,SENSOR,9999.47
35,84,SENSOR,9999.47
35,85,SENSOR,9999.47
35,86,SENSOR,9999.47
35,87,SENSOR,9999.47
35,88,SENSOR,9999.47
35,89,SENSOR,9999.47
35,90,SENSOR,9999.47
35,91,SENSOR,9999.47
35,92,SENSOR,9999.47
35,93,SENSOR,9999.47
35,94,SENSOR,9999.47
35,95,SENSOR,9999.47
35,96,SENSOR,9999.47
35,97,SENSOR,9999.47
35,98,SENSOR,9999.47
35,99,SENSOR,9999.47
35,100,CH,9997.78
35,101,CH,9997.78
35,102,CH,9997.78
35,103,CH,9997.78
35,104,CH,9997.78
35,105,CH,9997.78
35,106,CH,9997.78
35,107,CH,9997.78
35,108,CH,9997.78
35,109,CH,9997.78
40,0,SENSOR,9999.4
40,1,SENSOR,9999.4
40,2,SENSOR,9999.4
40,3,SENSOR,9999.4
40,4,SENSOR,9999.4
40,5,SENSOR,9999.4
40,6,SENSOR,9999.4
40,7,SENSOR,9999.4
40,8,SENSOR,9999.4
40,9,SENSOR,9999.4
40,10,SENSOR,9999.4
40,11,SENSOR,9999.4
40,12,SENSOR,9999.4
40,13,SENSOR,9999.4
40,14,SENSOR,9999.4
40,15,SENSOR,9999.4
40,16,SENSOR,9999.4
40,17,SENSOR,9999.4
40,18,SENSOR,9999.4
40,19,SENSOR,9999.4
40,20,SENSOR,9999.4
40,21,SENSOR,9999.4
40,22,SENSOR,9999.4
40,23,SENSOR,9999.4
40,24,SENSOR,9999.4
40,25,SENSOR,9999.4
40,26,SENSOR,9999.4
40,27,SENSOR,9999.4
40,28,SENSOR,9999.4
40,29,SENSOR,9999.4
40,30,SENSOR,9999.4
40,31,SENSOR,9999.4
40,32,SENSOR,9999.4
40,33,SENSOR,9999.4
40,34,SENSOR,9999.4
40,35,SENSOR,9999.4
40,36,SENSOR,9999.4
40,37,SENSOR,9999.4
40,38,SENSOR,9999.4
40,39,SENSOR,9999.4
40,40,SENSOR,9999.4
40,41,SENSOR,9999.4
40,42,SENSOR,9999.4
40,43,SENSOR,9999.4
40,44,SENSOR,9999.4
40,45,SENSOR,9999.4
40,46,SENSOR,9999.4
40,47,SENSOR,9999.4
40,48,SENSOR,9999.4
40,49,SENSOR,9999.4
40,50,SENSOR,9999.4
40,51,SENSOR,9999.4
40,52,SENSOR,9999.4
40,53,SENSOR,9999.4
40,54,SENSOR,9999.4
40,55,SENSOR,9999.4
40,56,SENSOR,9999.4
40,57,SENSOR,9999.4
40,58,SENSOR,9999.4
40,59,SENSOR,9999.4
40,60,SENSOR,9999.4
40,61,SENSOR,9999.4
40,62,SENSOR,9999.4
40,63,SENSOR,9999.4
40,64,SENSOR,9999.4
40,65,SENSOR,9999.4
40,66,SENSOR,9999.4
40,67,SENSOR,9999.4
40,68,SENSOR,9999.4
40,69,SENSOR,9999.4
40,70,SENSOR,9999.4
40,71,SENSOR,9999.4
40,72,SENSOR,9999.4
40,73,SENSOR,9999.4
40,74,SENSOR,9999.4
40,75,SENSOR,9999.4
40,76,SENSOR,9999.4
40,77,SENSOR,9999.4
40,78,SENSOR,9999.4
40,79,SENSOR,9999.4
40,80,SENSOR,9999.4
40,81,SENSOR,9999.4
40,82,SENSOR,9999.4
40,83,SENSOR,9999.4
40,84,SENSOR,9999.4
40,85,SENSOR,9999.4
40,86,SENSOR,9999.4
40,87,SENSOR,9999.4
40,88,SENSOR,9999.4
40,89,SENSOR,9999.4
40,90,SENSOR,9999.4
40,91,SENSOR,9999.4
40,92,SENSOR,9999.4
40,93,SENSOR,9999.4
40,94,SENSOR,9999.4
40,95,SENSOR,9999.4
40,96,SENSOR,9999.4
40,97,SENSOR,9999.4
40,98,SENSOR,9999.4
40,99,SENSOR,9999.4
40,100,CH,9997.38
40,101,CH,9997.38
40,102,CH,9997.38
40,103,CH,9997.38
40,104,CH,9997.38
40,105,CH,9997.38
40,106,CH,9997.38
40,107,CH,9997.38
40,108,CH,9997.38
40,109,CH,9997.38
45,0,SENSOR,9999.34
45,1,SENSOR,9999.34
45,2,SENSOR,9999.34
45,3,SENSOR,9999.34
45,4,SENSOR,9999.34
45,5,SENSOR,9999.34
45,6,SENSOR,9999.34
45,7,SENSOR,9999.34
45,8,SENSOR,9999.34
45,9,SENSOR,9999.34
45,10,SENSOR,9999.34
45,11,SENSOR,9999.34
45,12,SENSOR,9999.34
45,13,SENSOR,9999.34
45,14,SENSOR,9999.34
45,15,SENSOR,9999.34
45,16,SENSOR,9999.34
45,17,SENSOR,9999.34
45,18,SENSOR,9999.34
45,19,SENSOR,9999.34
45,20,SENSOR,9999.34
45,21,SENSOR,9999.34
45,22,SENSOR,9999.34
45,23,SENSOR,9999.34
45,24,SENSOR,9999.34
45,25,SENSOR,9999.34
45,26,SENSOR,9999.34
45,27,SENSOR,9999.34
45,28,SENSOR,9999.34
45,29,SENSOR,9999.34
45,30,SENSOR,9999.34
45,31,SENSOR,9999.34
45,32,SENSOR,9999.34
45,33,SENSOR,9999.34
45,34,SENSOR,9999.34
45,35,SENSOR,9999.34
45,36,SENSOR,9999.34
45,37,SENSOR,9999.34
45,38,SENSOR,9999.34
45,39,SENSOR,9999.34
45,40,SENSOR,9999.34
45,41,SENSOR,9999.34
45,42,SENSOR,9999.34
45,43,SENSOR,9999.34
45,44,SENSOR,9999.34
45,45,SENSOR,9999.34
45,46,SENSOR,9999.34
45,47,SENSOR,9999.34
45,48,SENSOR,9999.34
45,49,SENSOR,9999.34
45,50,SENSOR,9999.34
45,51,SENSOR,9999.34
45,52,SENSOR,9999.34
45,53,SENSOR,9999.34
45,54,SENSOR,9999.34
45,55,SENSOR,9999.34
45,56,SENSOR,9999.34
45,57,SENSOR,9999.34
45,58,SENSOR,9999.34
45,59,SENSOR,9999.34
45,60,SENSOR,9999.34
45,61,SENSOR,9999.34
45,62,SENSOR,9999.34
45,63,SENSOR,9999.34
45,64,SENSOR,9999.34
45,65,SENSOR,9999.34
45,66,SENSOR,9999.34
45,67,SENSOR,9999.34
45,68,SENSOR,9999.34
45,69,SENSOR,9999.34
45,70,SENSOR,9999.34
45,71,SENSOR,9999.34
45,72,SENSOR,9999.34
45,73,SENSOR,9999.34
45,74,SENSOR,9999.34
45,75,SENSOR,9999.34
45,76,SENSOR,9999.34
45,77,SENSOR,9999.34
45,78,SENSOR,9999.34
45,79,SENSOR,9999.34
45,80,SENSOR,9999.34
45,81,SENSOR,9999.34
45,82,SENSOR,9999.34
45,83,SENSOR,9999.34
45,84,SENSOR,9999.34
45,85,SENSOR,9999.34
45,86,SENSOR,9999.34
45,87,SENSOR,9999.34
45,88,SENSOR,9999.34
45,89,SENSOR,9999.34
45,90,SENSOR,9999.34
45,91,SENSOR,9999.34
45,92,SENSOR,9999.34
45,93,SENSOR,9999.34
45,94,SENSOR,9999.34
45,95,SENSOR,9999.34
45,96,SENSOR,9999.34
45,97,SENSOR,9999.34
45,98,SENSOR,9999.34
45,99,SENSOR,9999.34
45,100,CH,9996.98
45,101,CH,9996.98
45,102,CH,9996.98
45,103,CH,9996.98
45,104,CH,9996.98
45,105,CH,9996.98
45,106,CH,9996.98
45,107,CH,9996.98
45,108,CH,9996.98
45,109,CH,9996.98
50,0,SENSOR,9999.28
50,1,SENSOR,9999.28
50,2,SENSOR,9999.28
50,3,SENSOR,9999.28
50,4,SENSOR,9999.28
50,5,SENSOR,9999.28
50,6,SENSOR,9999.28
50,7,SENSOR,9999.28
50,8,SENSOR,9999.28
50,9,SENSOR,9999.28
50,10,SENSOR,9999.28
50,11,SENSOR,9999.28
50,12,SENSOR,9999.28
50,13,SENSOR,9999.28
50,14,SENSOR,9999.28
50,15,SENSOR,9999.28
50,16,SENSOR,9999.28
50,17,SENSOR,9999.28
50,18,SENSOR,9999.28
50,19,SENSOR,9999.28
50,20,SENSOR,9999.28
50,21,SENSOR,9999.28
50,22,SENSOR,9999.28
50,23,SENSOR,9999.28
50,24,SENSOR,9999.28
50,25,SENSOR,9999.28
50,26,SENSOR,9999.28
50,27,SENSOR,9999.28
50,28,SENSOR,9999.28
50,29,SENSOR,9999.28
50,30,SENSOR,9999.28
50,31,SENSOR,9999.28
50,32,SENSOR,9999.28
50,33,SENSOR,9999.28
50,34,SENSOR,9999.28
50,35,SENSOR,9999.28
50,36,SENSOR,9999.28
50,37,SENSOR,9999.28
50,38,SENSOR,9999.28
50,39,SENSOR,9999.28
50,40,SENSOR,9999.28
50,41,SENSOR,9999.28
50,42,SENSOR,9999.28
50,43,SENSOR,9999.28
50,44,SENSOR,9999.28
50,45,SENSOR,9999.28
50,46,SENSOR,9999.28
50,47,SENSOR,9999.28
50,48,SENSOR,9999.28
50,49,SENSOR,9999.28
50,50,SENSOR,9999.28
50,51,SENSOR,9999.28
50,52,SENSOR,9999.28
50,53,SENSOR,9999.28
50,54,SENSOR,9999.28
50,55,SENSOR,9999.28
50,56,SENSOR,9999.28
50,57,SENSOR,9999.28
50,58,SENSOR,9999.28
50,59,SENSOR,9999.28
50,60,SENSOR,9999.28
50,61,SENSOR,9999.28
50,62,SENSOR,9999.28
50,63,SENSOR,9999.28
50,64,SENSOR,9999.28
50,65,SENSOR,9999.28
50,66,SENSOR,9999.28
50,67,SENSOR,9999.28
50,68,SENSOR,9999.28
50,69,SENSOR,9999.28
50,70,SENSOR,9999.28
50,71,SENSOR,9999.28
50,72,SENSOR,9999.28
50,73,SENSOR,9999.28
50,74,SENSOR,9999.28
50,75,SENSOR,9999.28
50,76,SENSOR,9999.28
50,77,SENSOR,9999.28
50,78,SENSOR,9999.28
50,79,SENSOR,9999.28
50,80,SENSOR,9999.28
50,81,SENSOR,9999.28
50,82,SENSOR,9999.28
50,83,SENSOR,9999.28
50,84,SENSOR,9999.28
50,85,SENSOR,9999.28
50,86,SENSOR,9999.28
50,87,SENSOR,9999.28
50,88,SENSOR,9999.28
50,89,SENSOR,9999.28
50,90,SENSOR,9999.28
50,91,SENSOR,9999.28
50,92,SENSOR,9999.28
50,93,SENSOR,9999.28
50,94,SENSOR,9999.28
50,95,SENSOR,9999.28
50,96,SENSOR,9999.28
50,97,SENSOR,9999.28
50,98,SENSOR,9999.28
50,99,SENSOR,9999.28
50,100,CH,9996.58
50,101,CH,9996.58
50,102,CH,9996.58
50,103,CH,9996.58
50,104,CH,9996.58
50,105,CH,9996.58
50,106,CH,9996.58
50,107,CH,9996.58
50,108,CH,9996.58
50,109,CH,9996.58
55,0,SENSOR,9999.22
55,1,SENSOR,9999.22
55,2,SENSOR,9999.22
55,3,SENSOR,9999.22
55,4,SENSOR,9999.22
55,5,SENSOR,9999.22
55,6,SENSOR,9999.22
55,7,SENSOR,9999.22
55,8,SENSOR,9999.22
55,9,SENSOR,9999.22
55,10,SENSOR,9999.22
55,11,SENSOR,9999.22
55,12,SENSOR,9999.22
55,13,SENSOR,9999.22
55,14,SENSOR,9999.22
55,15,SENSOR,9999.22
55,16,SENSOR,9999.22
55,17,SENSOR,9999.22
55,18,SENSOR,9999.22
55,19,SENSOR,9999.22
55,20,SENSOR,9999.22
55,21,SENSOR,9999.22
55,22,SENSOR,9999.22
55,23,SENSOR,9999.22
55,24,SENSOR,9999.22
55,25,SENSOR,9999.22
55,26,SENSOR,9999.22
55,27,SENSOR,9999.22
55,28,SENSOR,9999.22
55,29,SENSOR,9999.22
55,30,SENSOR,9999.22
55,31,SENSOR,9999.22
55,32,SENSOR,9999.22
55,33,SENSOR,9999.22
55,34,SENSOR,9999.22
55,35,SENSOR,9999.22
55,36,SENSOR,9999.22
55,37,SENSOR,9999.22
55,38,SENSOR,9999.22
55,39,SENSOR,9999.22
55,40,SENSOR,9999.22
55,41,SENSOR,9999.22
55,42,SENSOR,9999.22
55,43,SENSOR,9999.22
55,44,SENSOR,9999.22
55,45,SENSOR,9999.22
55,46,SENSOR,9999.22
55,47,SENSOR,9999.22
55,48,SENSOR,9999.22
55,49,SENSOR,9999.22
55,50,SENSOR,9999.22
55,51,SENSOR,9999.22
55,52,SENSOR,9999.22
55,53,SENSOR,9999.22
55,54,SENSOR,9999.22
55,55,SENSOR,9999.22
55,56,SENSOR,9999.22
55,57,SENSOR,9999.22
55,58,SENSOR,9999.22
55,59,SENSOR,9999.22
55,60,SENSOR,9999.22
55,61,SENSOR,9999.22
55,62,SENSOR,9999.22
55,63,SENSOR,9999.22
55,64,SENSOR,9999.22
55,65,SENSOR,9999.22
55,66,SENSOR,9999.22
55,67,SENSOR,9999.22
55,68,SENSOR,9999.22
55,69,SENSOR,9999.22
55,70,SENSOR,9999.22
55,71,SENSOR,9999.22
55,72,SENSOR,9999.22
55,73,SENSOR,9999.22
55,74,SENSOR,9999.22
55,75,SENSOR,9999.22
55,76,SENSOR,9999.22
55,77,SENSOR,9999.22
55,78,SENSOR,9999.22
55,79,SENSOR,9999.22
55,80,SENSOR,9999.22
55,81,SENSOR,9999.22
55,82,SENSOR,9999.22
55,83,SENSOR,9999.22
55,84,SENSOR,9999.22
55,85,SENSOR,9999.22
55,86,SENSOR,9999.22
55,87,SENSOR,9999.22
55,88,SENSOR,9999.22
55,89,SENSOR,9999.22
55,90,SENSOR,9999.22
55,91,SENSOR,9999.22
55,92,SENSOR,9999.22
55,93,SENSOR,9999.22
55,94,SENSOR,9999.22
55,95,SENSOR,9999.22
55,96,SENSOR,9999.22
55,97,SENSOR,9999.22
55,98,SENSOR,9999.22
55,99,SENSOR,9999.22
55,100,CH,9996.18
55,101,CH,9996.18
55,102,CH,9996.18
55,103,CH,9996.18
55,104,CH,9996.18
55,105,CH,9996.18
55,106,CH,9996.18
55,107,CH,9996.18
55,108,CH,9996.18
55,109,CH,9996.18
60,0,SENSOR,9999.16
60,1,SENSOR,9999.16
60,2,SENSOR,9999.16
60,3,SENSOR,9999.16
60,4,SENSOR,9999.16
60,5,SENSOR,9999.16
60,6,SENSOR,9999.16
60,7,SENSOR,9999.16
60,8,SENSOR,9999.16
60,9,SENSOR,9999.16
60,10,SENSOR,9999.16
60,11,SENSOR,9999.16
60,12,SENSOR,9999.16
60,13,SENSOR,9999.16
60,14,SENSOR,9999.16
60,15,SENSOR,9999.16
60,16,SENSOR,9999.16
60,17,SENSOR,9999.16
60,18,SENSOR,9999.16
60,19,SENSOR,9999.16
60,20,SENSOR,9999.16
60,21,SENSOR,9999.16
60,22,SENSOR,9999.16
60,23,SENSOR,9999.16
60,24,SENSOR,9999.16
60,25,SENSOR,9999.16
60,26,SENSOR,9999.16
60,27,SENSOR,9999.16
60,28,SENSOR,9999.16
60,29,SENSOR,9999.16
60,30,SENSOR,9999.16
60,31,SENSOR,9999.16
60,32,SENSOR,9999.16
60,33,SENSOR,9999.16
60,34,SENSOR,9999.16
60,35,SENSOR,9999.16
60,36,SENSOR,9999.16
60,37,SENSOR,9999.16
60,38,SENSOR,9999.16
60,39,SENSOR,9999.16
60,40,SENSOR,9999.16
60,41,SENSOR,9999.16
60,42,SENSOR,9999.16
60,43,SENSOR,9999.16
60,44,SENSOR,9999.16
60,45,SENSOR,9999.16
60,46,SENSOR,9999.16
60,47,SENSOR,9999.16
60,48,SENSOR,9999.16
60,49,SENSOR,9999.16
60,50,SENSOR,9999.16
60,51,SENSOR,9999.16
60,52,SENSOR,9999.16
60,53,SENSOR,9999.16
60,54,SENSOR,9999.16
60,55,SENSOR,9999.16
60,56,SENSOR,9999.16
60,57,SENSOR,9999.16
60,58,SENSOR,9999.16
60,59,SENSOR,9999.16
60,60,SENSOR,9999.16
60,61,SENSOR,9999.16
60,62,SENSOR,9999.16
60,63,SENSOR,9999.16
60,64,SENSOR,9999.16
60,65,SENSOR,9999.16
60,66,SENSOR,9999.16
60,67,SENSOR,9999.16
60,68,SENSOR,9999.16
60,69,SENSOR,9999.16
60,70,SENSOR,9999.16
60,71,SENSOR,9999.16
60,72,SENSOR,9999.16
60,73,SENSOR,9999.16
60,74,SENSOR,9999.16
60,75,SENSOR,9999.16
60,76,SENSOR,9999.16
60,77,SENSOR,9999.16
60,78,SENSOR,9999.16
60,79,SENSOR,9999.16
60,80,SENSOR,9999.16
60,81,SENSOR,9999.16
60,82,SENSOR,9999.16
60,83,SENSOR,9999.16
60,84,SENSOR,9999.16
60,85,SENSOR,9999.16
60,86,SENSOR,9999.16
60,87,SENSOR,9999.16
60,88,SENSOR,9999.16
60,89,SENSOR,9999.16
60,90,SENSOR,9999.16
60,91,SENSOR,9999.16
60,92,SENSOR,9999.16
60,93,SENSOR,9999.16
60,94,SENSOR,9999.16
60,95,SENSOR,9999.16
60,96,SENSOR,9999.16
60,97,SENSOR,9999.16
60,98,SENSOR,9999.16
60,99,SENSOR,9999.16
60,100,CH,9995.78
60,101,CH,9995.78
60,102,CH,9995.78
60,103,CH,9995.78
60,104,CH,9995.78
60,105,CH,9995.78
60,106,CH,9995.78
60,107,CH,9995.78
60,108,CH,9995.78
60,109,CH,9995.78
65,0,SENSOR,9999.1
65,1,SENSOR,9999.1
65,2,SENSOR,9999.1
65,3,SENSOR,9999.1
65,4,SENSOR,9999.1
65,5,SENSOR,9999.1
65,6,SENSOR,9999.1
65,7,SENSOR,9999.1
65,8,SENSOR,9999.1
65,9,SENSOR,9999.1
65,10,SENSOR,9999.1
65,11,SENSOR,9999.1
65,12,SENSOR,9999.1
65,13,SENSOR,9999.1
65,14,SENSOR,9999.1
65,15,SENSOR,9999.1
65,16,SENSOR,9999.1
65,17,SENSOR,9999.1
65,18,SENSOR,9999.1
65,19,SENSOR,9999.1
65,20,SENSOR,9999.1
65,21,SENSOR,9999.1
65,22,SENSOR,9999.1
65,23,SENSOR,9999.1
65,24,SENSOR,9999.1
65,25,SENSOR,9999.1
65,26,SENSOR,9999.1
65,27,SENSOR,9999.1
65,28,SENSOR,9999.1
65,29,SENSOR,9999.1
65,30,SENSOR,9999.1
65,31,SENSOR,9999.1
65,32,SENSOR,9999.1
65,33,SENSOR,9999.1
65,34,SENSOR,9999.1
65,35,SENSOR,9999.1
65,36,SENSOR,9999.1
65,37,SENSOR,9999.1
65,38,SENSOR,9999.1
65,39,SENSOR,9999.1
65,40,SENSOR,9999.1
65,41,SENSOR,9999.1
65,42,SENSOR,9999.1
65,43,SENSOR,9999.1
65,44,SENSOR,9999.1
65,45,SENSOR,9999.1
65,46,SENSOR,9999.1
65,47,SENSOR,9999.1
65,48,SENSOR,9999.1
65,49,SENSOR,9999.1
65,50,SENSOR,9999.1
65,51,SENSOR,9999.1
65,52,SENSOR,9999.1
65,53,SENSOR,9999.1
65,54,SENSOR,9999.1
65,55,SENSOR,9999.1
65,56,SENSOR,9999.1
65,57,SENSOR,9999.1
65,58,SENSOR,9999.1
65,59,SENSOR,9999.1
65,60,SENSOR,9999.1
65,61,SENSOR,9999.1
65,62,SENSOR,9999.1
65,63,SENSOR,9999.1
65,64,SENSOR,9999.1
65,65,SENSOR,9999.1
65,66,SENSOR,9999.1
65,67,SENSOR,9999.1
65,68,SENSOR,9999.1
65,69,SENSOR,9999.1
65,70,SENSOR,9999.1
65,71,SENSOR,9999.1
65,72,SENSOR,9999.1
65,73,SENSOR,9999.1
65,74,SENSOR,9999.1
65,75,SENSOR,9999.1
65,76,SENSOR,9999.1
65,77,SENSOR,9999.1
65,78,SENSOR,9999.1
65,79,SENSOR,9999.1
65,80,SENSOR,9999.1
65,81,SENSOR,9999.1
65,82,SENSOR,9999.1
65,83,SENSOR,9999.1
65,84,SENSOR,9999.1
65,85,SENSOR,9999.1
65,86,SENSOR,9999.1
65,87,SENSOR,9999.1
65,88,SENSOR,9999.1
65,89,SENSOR,9999.1
65,90,SENSOR,9999.1
65,91,SENSOR,9999.1
65,92,SENSOR,9999.1
65,93,SENSOR,9999.1
65,94,SENSOR,9999.1
65,95,SENSOR,9999.1
65,96,SENSOR,9999.1
65,97,SENSOR,9999.1
65,98,SENSOR,9999.1
65,99,SENSOR,9999.1
65,100,CH,9995.38
65,101,CH,9995.38
65,102,CH,9995.38
65,103,CH,9995.38
65,104,CH,9995.38
65,105,CH,9995.38
65,106,CH,9995.38
65,107,CH,9995.38
65,108,CH,9995.38
65,109,CH,9995.38
70,0,SENSOR,9999.04
70,1,SENSOR,9999.04
70,2,SENSOR,9999.04
70,3,SENSOR,9999.04
70,4,SENSOR,9999.04
70,5,SENSOR,9999.04
70,6,SENSOR,9999.04
70,7,SENSOR,9999.04
70,8,SENSOR,9999.04
70,9,SENSOR,9999.04
70,10,SENSOR,9999.04
70,11,SENSOR,9999.04
70,12,SENSOR,9999.04
70,13,SENSOR,9999.04
70,14,SENSOR,9999.04
70,15,SENSOR,9999.04
70,16,SENSOR,9999.04
70,17,SENSOR,9999.04
70,18,SENSOR,9999.04
70,19,SENSOR,9999.04
70,20,SENSOR,9999.04
70,21,SENSOR,9999.04
70,22,SENSOR,9999.04
70,23,SENSOR,9999.04
70,24,SENSOR,9999.04
70,25,SENSOR,9999.04
70,26,SENSOR,9999.04
70,27,SENSOR,9999.04
70,28,SENSOR,9999.04
70,29,SENSOR,9999.04
70,30,SENSOR,9999.04
70,31,SENSOR,9999.04
70,32,SENSOR,9999.04
70,33,SENSOR,9999.04
70,34,SENSOR,9999.04
70,35,SENSOR,9999.04
70,36,SENSOR,9999.04
70,37,SENSOR,9999.04
70,38,SENSOR,9999.04
70,39,SENSOR,9999.04
70,40,SENSOR,9999.04
70,41,SENSOR,9999.04
70,42,SENSOR,9999.04
70,43,SENSOR,9999.04
70,44,SENSOR,9999.04
70,45,SENSOR,9999.04
70,46,SENSOR,9999.04
70,47,SENSOR,9999.04
70,48,SENSOR,9999.04
70,49,SENSOR,9999.04
70,50,SENSOR,9999.04
70,51,SENSOR,9999.04
70,52,SENSOR,9999.04
70,53,SENSOR,9999.04
70,54,SENSOR,9999.04
70,55,SENSOR,9999.04
70,56,SENSOR,9999.04
70,57,SENSOR,9999.04
70,58,SENSOR,9999.04
70,59,SENSOR,9999.04
70,60,SENSOR,9999.04
70,61,SENSOR,9999.04
70,62,SENSOR,9999.04
70,63,SENSOR,9999.04
70,64,SENSOR,9999.04
70,65,SENSOR,9999.04
70,66,SENSOR,9999.04
70,67,SENSOR,9999.04
70,68,SENSOR,9999.04
70,69,SENSOR,9999.04
70,70,SENSOR,9999.04
70,71,SENSOR,9999.04
70,72,SENSOR,9999.04
70,73,SENSOR,9999.04
70,74,SENSOR,9999.04
70,75,SENSOR,9999.04
70,76,SENSOR,9999.04
70,77,SENSOR,9999.04
70,78,SENSOR,9999.04
70,79,SENSOR,9999.04
70,80,SENSOR,9999.04
70,81,SENSOR,9999.04
70,82,SENSOR,9999.04
70,83,SENSOR,9999.04
70,84,SENSOR,9999.04
70,85,SENSOR,9999.04
70,86,SENSOR,9999.04
70,87,SENSOR,9999.04
70,88,SENSOR,9999.04
70,89,SENSOR,9999.04
70,90,SENSOR,9999.04
70,91,SENSOR,9999.04
70,92,SENSOR,9999.04
70,93,SENSOR,9999.04
70,94,SENSOR,9999.04
70,95,SENSOR,9999.04
70,96,SENSOR,9999.04
70,97,SENSOR,9999.04
70,98,SENSOR,9999.04
70,99,SENSOR,9999.04
70,100,CH,9994.98
70,101,CH,9994.98
70,102,CH,9994.98
70,103,CH,9994.98
70,104,CH,9994.98
70,105,CH,9994.98
70,106,CH,9994.98
70,107,CH,9994.98
70,108,CH,9994.98
70,109,CH,9994.98
75,0,SENSOR,9998.98
75,1,SENSOR,9998.98
75,2,SENSOR,9998.98
75,3,SENSOR,9998.98
75,4,SENSOR,9998.98
75,5,SENSOR,9998.98
75,6,SENSOR,9998.98
75,7,SENSOR,9998.98
75,8,SENSOR,9998.98
75,9,SENSOR,9998.98
75,10,SENSOR,9998.98
75,11,SENSOR,9998.98
75,12,SENSOR,9998.98
75,13,SENSOR,9998.98
75,14,SENSOR,9998.98
75,15,SENSOR,9998.98
75,16,SENSOR,9998.98
75,17,SENSOR,9998.98
75,18,SENSOR,9998.98
75,19,SENSOR,9998.98
75,20,SENSOR,9998.98
75,21,SENSOR,9998.98
75,22,SENSOR,9998.98
75,23,SENSOR,9998.98
75,24,SENSOR,9998.98
75,25,SENSOR,9998.98
75,26,SENSOR,9998.98
75,27,SENSOR,9998.98
75,28,SENSOR,9998.98
75,29,SENSOR,9998.98
75,30,SENSOR,9998.98
75,31,SENSOR,9998.98
75,32,SENSOR,9998.98
75,33,SENSOR,9998.98
75,34,SENSOR,9998.98
75,35,SENSOR,9998.98
75,36,SENSOR,9998.98
75,37,SENSOR,9998.98
75,38,SENSOR,9998.98
75,39,SENSOR,9998.98
75,40,SENSOR,9998.98
75,41,SENSOR,9998.98
75,42,SENSOR,9998.98
75,43,SENSOR,9998.98
75,44,SENSOR,9998.98
75,45,SENSOR,9998.98
75,46,SENSOR,9998.98
75,47,SENSOR,9998.98
75,48,SENSOR,9998.98
75,49,SENSOR,9998.98
75,50,SENSOR,9998.98
75,51,SENSOR,9998.98
75,52,SENSOR,9998.98
75,53,SENSOR,9998.98
75,54,SENSOR,9998.98
75,55,SENSOR,9998.98
75,56,SENSOR,9998.98
75,57,SENSOR,9998.98
75,58,SENSOR,9998.98
75,59,SENSOR,9998.98
75,60,SENSOR,9998.98
75,61,SENSOR,9998.98
75,62,SENSOR,9998.98
75,63,SENSOR,9998.98
75,64,SENSOR,9998.98
75,65,SENSOR,9998.98
75,66,SENSOR,9998.98
75,67,SENSOR,9998.98
75,68,SENSOR,9998.98
75,69,SENSOR,9998.98
75,70,SENSOR,9998.98
75,71,SENSOR,9998.98
75,72,SENSOR,9998.98
75,73,SENSOR,9998.98
75,74,SENSOR,9998.98
75,75,SENSOR,9998.98
75,76,SENSOR,9998.98
75,77,SENSOR,9998.98
75,78,SENSOR,9998.98
75,79,SENSOR,9998.98
75,80,SENSOR,9998.98
75,81,SENSOR,9998.98
75,82,SENSOR,9998.98
75,83,SENSOR,9998.98
75,84,SENSOR,9998.98
75,85,SENSOR,9998.98
75,86,SENSOR,9998.98
75,87,SENSOR,9998.98
75,88,SENSOR,9998.98
75,89,SENSOR,9998.98
75,90,SENSOR,9998.98
75,91,SENSOR,9998.98
75,92,SENSOR,9998.98
75,93,SENSOR,9998.98
75,94,SENSOR,9998.98
75,95,SENSOR,9998.98
75,96,SENSOR,9998.98
75,97,SENSOR,9998.98
75,98,SENSOR,9998.98
75,99,SENSOR,9998.98
75,100,CH,9994.58
75,101,CH,9994.58
75,102,CH,9994.58
75,103,CH,9994.58
75,104,CH,9994.58
75,105,CH,9994.58
75,106,CH,9994.58
75,107,CH,9994.58
75,108,CH,9994.58
75,109,CH,9994.58
80,0,SENSOR,9998.92
80,1,SENSOR,9998.92
80,2,SENSOR,9998.92
80,3,SENSOR,9998.92
80,4,SENSOR,9998.92
80,5,SENSOR,9998.92
80,6,SENSOR,9998.92
80,7,SENSOR,9998.92
80,8,SENSOR,9998.92
80,9,SENSOR,9998.92
80,10,SENSOR,9998.92
80,11,SENSOR,9998.92
80,12,SENSOR,9998.92
80,13,SENSOR,9998.92
80,14,SENSOR,9998.92
80,15,SENSOR,9998.92
80,16,SENSOR,9998.92
80,17,SENSOR,9998.92
80,18,SENSOR,9998.92
80,19,SENSOR,9998.92
80,20,SENSOR,9998.92
80,21,SENSOR,9998.92
80,22,SENSOR,9998.92
80,23,SENSOR,9998.92
80,24,SENSOR,9998.92
80,25,SENSOR,9998.92
80,26,SENSOR,9998.92
80,27,SENSOR,9998.92
80,28,SENSOR,9998.92
80,29,SENSOR,9998.92
80,30,SENSOR,9998.92
80,31,SENSOR,9998.92
80,32,SENSOR,9998.92
80,33,SENSOR,9998.92
80,34,SENSOR,9998.92
80,35,SENSOR,9998.92
80,36,SENSOR,9998.92
80,37,SENSOR,9998.92
80,38,SENSOR,9998.92
80,39,SENSOR,9998.92
80,40,SENSOR,9998.92
80,41,SENSOR,9998.92
80,42,SENSOR,9998.92
80,43,SENSOR,9998.92
80,44,SENSOR,9998.92
80,45,SENSOR,9998.92
80,46,SENSOR,9998.92
80,47,SENSOR,9998.92
80,48,SENSOR,9998.92
80,49,SENSOR,9998.92
80,50,SENSOR,9998.92
80,51,SENSOR,9998.92
80,52,SENSOR,9998.92
80,53,SENSOR,9998.92
80,54,SENSOR,9998.92
80,55,SENSOR,9998.92
80,56,SENSOR,9998.92
80,57,SENSOR,9998.92
80,58,SENSOR,9998.92
80,59,SENSOR,9998.92
80,60,SENSOR,9998.92
80,61,SENSOR,9998.92
80,62,SENSOR,9998.92
80,63,SENSOR,9998.92
80,64,SENSOR,9998.92
80,65,SENSOR,9998.92
80,66,SENSOR,9998.92
80,67,SENSOR,9998.92
80,68,SENSOR,9998.92
80,69,SENSOR,9998.92
80,70,SENSOR,9998.92
80,71,SENSOR,9998.92
80,72,SENSOR,9998.92
80,73,SENSOR,9998.92
80,74,SENSOR,9998.92
80,75,SENSOR,9998.92
80,76,SENSOR,9998.92
80,77,SENSOR,9998.92
80,78,SENSOR,9998.92
80,79,SENSOR,9998.92
80,80,SENSOR,9998.92
80,81,SENSOR,9998.92
80,82,SENSOR,9998.92
80,83,SENSOR,9998.92
80,84,SENSOR,9998.92
80,85,SENSOR,9998.92
80,86,SENSOR,9998.92
80,87,SENSOR,9998.92
80,88,SENSOR,9998.92
80,89,SENSOR,9998.92
80,90,SENSOR,9998.92
80,91,SENSOR,9998.92
80,92,SENSOR,9998.92
80,93,SENSOR,9998.92
80,94,SENSOR,9998.92
80,95,SENSOR,9998.92
80,96,SENSOR,9998.92
80,97,SENSOR,9998.92
80,98,SENSOR,9998.92
80,99,SENSOR,9998.92
80,100,CH,9994.18
80,101,CH,9994.18
80,102,CH,9994.18
80,103,CH,9994.18
80,104,CH,9994.18
80,105,CH,9994.18
80,106,CH,9994.18
80,107,CH,9994.18
80,108,CH,9994.18
80,109,CH,9994.18
85,0,SENSOR,9998.86
85,1,SENSOR,9998.86
85,2,SENSOR,9998.86
85,3,SENSOR,9998.86
85,4,SENSOR,9998.86
85,5,SENSOR,9998.86
85,6,SENSOR,9998.86
85,7,SENSOR,9998.86
85,8,SENSOR,9998.86
85,9,SENSOR,9998.86
85,10,SENSOR,9998.86
85,11,SENSOR,9998.86
85,12,SENSOR,9998.86
85,13,SENSOR,9998.86
85,14,SENSOR,9998.86
85,15,SENSOR,9998.86
85,16,SENSOR,9998.86
85,17,SENSOR,9998.86
85,18,SENSOR,9998.86
85,19,SENSOR,9998.86
85,20,SENSOR,9998.86
85,21,SENSOR,9998.86
85,22,SENSOR,9998.86
85,23,SENSOR,9998.86
85,24,SENSOR,9998.86
85,25,SENSOR,9998.86
85,26,SENSOR,9998.86
85,27,SENSOR,9998.86
85,28,SENSOR,9998.86
85,29,SENSOR,9998.86
85,30,SENSOR,9998.86
85,31,SENSOR,9998.86
85,32,SENSOR,9998.86
85,33,SENSOR,9998.86
85,34,SENSOR,9998.86
85,35,SENSOR,9998.86
85,36,SENSOR,9998.86
85,37,SENSOR,9998.86
85,38,SENSOR,9998.86
85,39,SENSOR,9998.86
85,40,SENSOR,9998.86
85,41,SENSOR,9998.86
85,42,SENSOR,9998.86
85,43,SENSOR,9998.86
85,44,SENSOR,9998.86
85,45,SENSOR,9998.86
85,46,SENSOR,9998.86
85,47,SENSOR,9998.86
85,48,SENSOR,9998.86
85,49,SENSOR,9998.86
85,50,SENSOR,9998.86
85,51,SENSOR,9998.86
85,52,SENSOR,9998.86
85,53,SENSOR,9998.86
85,54,SENSOR,9998.86
85,55,SENSOR,9998.86
85,56,SENSOR,9998.86
85,57,SENSOR,9998.86
85,58,SENSOR,9998.86
85,59,SENSOR,9998.86
85,60,SENSOR,9998.86
85,61,SENSOR,9998.86
85,62,SENSOR,9998.86
85,63,SENSOR,9998.86
85,64,SENSOR,9998.86
85,65,SENSOR,9998.86
85,66,SENSOR,9998.86
85,67,SENSOR,9998.86
85,68,SENSOR,9998.86
85,69,SENSOR,9998.86
85,70,SENSOR,9998.86
85,71,SENSOR,9998.86
85,72,SENSOR,9998.86
85,73,SENSOR,9998.86
85,74,SENSOR,9998.86
85,75,SENSOR,9998.86
85,76,SENSOR,9998.86
85,77,SENSOR,9998.86
85,78,SENSOR,9998.86
85,79,SENSOR,9998.86
85,80,SENSOR,9998.86
85,81,SENSOR,9998.86
85,82,SENSOR,9998.86
85,83,SENSOR,9998.86
85,84,SENSOR,9998.86
85,85,SENSOR,9998.86
85,86,SENSOR,9998.86
85,87,SENSOR,9998.86
85,88,SENSOR,9998.86
85,89,SENSOR,9998.86
85,90,SENSOR,9998.86
85,91,SENSOR,9998.86
85,92,SENSOR,9998.86
85,93,SENSOR,9998.86
85,94,SENSOR,9998.86
85,95,SENSOR,9998.86
85,96,SENSOR,9998.86
85,97,SENSOR,9998.86
85,98,SENSOR,9998.86
85,99,SENSOR,9998.86
85,100,CH,9993.78
85,101,CH,9993.78
85,102,CH,9993.78
85,103,CH,9993.78
85,104,CH,9993.78
85,105,CH,9993.78
85,106,CH,9993.78
85,107,CH,9993.78
85,108,CH,9993.78
85,109,CH,9993.78
90,0,SENSOR,9998.8
90,1,SENSOR,9998.8
90,2,SENSOR,9998.8
90,3,SENSOR,9998.8
90,4,SENSOR,9998.8
90,5,SENSOR,9998.8
90,6,SENSOR,9998.8
90,7,SENSOR,9998.8
90,8,SENSOR,9998.8
90,9,SENSOR,9998.8
90,10,SENSOR,9998.8
90,11,SENSOR,9998.8
90,12,SENSOR,9998.8
90,13,SENSOR,9998.8
90,14,SENSOR,9998.8
90,15,SENSOR,9998.8
90,16,SENSOR,9998.8
90,17,SENSOR,9998.8
90,18,SENSOR,9998.8
90,19,SENSOR,9998.8
90,20,SENSOR,9998.8
90,21,SENSOR,9998.8
90,22,SENSOR,9998.8
90,23,SENSOR,9998.8
90,24,SENSOR,9998.8
90,25,SENSOR,9998.8
90,26,SENSOR,9998.8
90,27,SENSOR,9998.8
90,28,SENSOR,9998.8
90,29,SENSOR,9998.8
90,30,SENSOR,9998.8
90,31,SENSOR,9998.8
90,32,SENSOR,9998.8
90,33,SENSOR,9998.8
90,34,SENSOR,9998.8
90,35,SENSOR,9998.8
90,36,SENSOR,9998.8
90,37,SENSOR,9998.8
90,38,SENSOR,9998.8
90,39,SENSOR,9998.8
90,40,SENSOR,9998.8
90,41,SENSOR,9998.8
90,42,SENSOR,9998.8
90,43,SENSOR,9998.8
90,44,SENSOR,9998.8
90,45,SENSOR,9998.8
90,46,SENSOR,9998.8
90,47,SENSOR,9998.8
90,48,SENSOR,9998.8
90,49,SENSOR,9998.8
90,50,SENSOR,9998.8
90,51,SENSOR,9998.8
90,52,SENSOR,9998.8
90,53,SENSOR,9998.8
90,54,SENSOR,9998.8
90,55,SENSOR,9998.8
90,56,SENSOR,9998.8
90,57,SENSOR,9998.8
90,58,SENSOR,9998.8
90,59,SENSOR,9998.8
90,60,SENSOR,9998.8
90,61,SENSOR,9998.8
90,62,SENSOR,9998.8
90,63,SENSOR,9998.8
90,64,SENSOR,9998.8
90,65,SENSOR,9998.8
90,66,SENSOR,9998.8
90,67,SENSOR,9998.8
90,68,SENSOR,9998.8
90,69,SENSOR,9998.8
90,70,SENSOR,9998.8
90,71,SENSOR,9998.8
90,72,SENSOR,9998.8
90,73,SENSOR,9998.8
90,74,SENSOR,9998.8
90,75,SENSOR,9998.8
90,76,SENSOR,9998.8
90,77,SENSOR,9998.8
90,78,SENSOR,9998.8
90,79,SENSOR,9998.8
90,80,SENSOR,9998.8
90,81,SENSOR,9998.8
90,82,SENSOR,9998.8
90,83,SENSOR,9998.8
90,84,SENSOR,9998.8
90,85,SENSOR,9998.8
90,86,SENSOR,9998.8
90,87,SENSOR,9998.8
90,88,SENSOR,9998.8
90,89,SENSOR,9998.8
90,90,SENSOR,9998.8
90,91,SENSOR,9998.8
90,92,SENSOR,9998.8
90,93,SENSOR,9998.8
90,94,SENSOR,9998.8
90,95,SENSOR,9998.8
90,96,SENSOR,9998.8
90,97,SENSOR,9998.8
90,98,SENSOR,9998.8
90,99,SENSOR,9998.8
90,100,CH,9993.38
90,101,CH,9993.38
90,102,CH,9993.38
90,103,CH,9993.38
90,104,CH,9993.38
90,105,CH,9993.38
90,106,CH,9993.38
90,107,CH,9993.38
90,108,CH,9993.38
90,109,CH,9993.38
95,0,SENSOR,9998.74
95,1,SENSOR,9998.74
95,2,SENSOR,9998.74
95,3,SENSOR,9998.74
95,4,SENSOR,9998.74
95,5,SENSOR,9998.74
95,6,SENSOR,9998.74
95,7,SENSOR,9998.74
95,8,SENSOR,9998.74
95,9,SENSOR,9998.74
95,10,SENSOR,9998.74
95,11,SENSOR,9998.74
95,12,SENSOR,9998.74
95,13,SENSOR,9998.74
95,14,SENSOR,9998.74
95,15,SENSOR,9998.74
95,16,SENSOR,9998.74
95,17,SENSOR,9998.74
95,18,SENSOR,9998.74
95,19,SENSOR,9998.74
95,20,SENSOR,9998.74
95,21,SENSOR,9998.74
95,22,SENSOR,9998.74
95,23,SENSOR,9998.74
95,24,SENSOR,9998.74
95,25,SENSOR,9998.74
95,26,SENSOR,9998.74
95,27,SENSOR,9998.74
95,28,SENSOR,9998.74
95,29,SENSOR,9998.74
95,30,SENSOR,9998.74
95,31,SENSOR,9998.74
95,32,SENSOR,9998.74
95,33,SENSOR,9998.74
95,34,SENSOR,9998.74
95,35,SENSOR,9998.74
95,36,SENSOR,9998.74
95,37,SENSOR,9998.74
95,38,SENSOR,9998.74
95,39,SENSOR,9998.74
95,40,SENSOR,9998.74
95,41,SENSOR,9998.74
95,42,SENSOR,9998.74
95,43,SENSOR,9998.74
95,44,SENSOR,9998.74
95,45,SENSOR,9998.74
95,46,SENSOR,9998.74
95,47,SENSOR,9998.74
95,48,SENSOR,9998.74
95,49,SENSOR,9998.74
95,50,SENSOR,9998.74
95,51,SENSOR,9998.74
95,52,SENSOR,9998.74
95,53,SENSOR,9998.74
95,54,SENSOR,9998.74
95,55,SENSOR,9998.74
95,56,SENSOR,9998.74
95,57,SENSOR,9998.74
95,58,SENSOR,9998.74
95,59,SENSOR,9998.74
95,60,SENSOR,9998.74
95,61,SENSOR,9998.74
95,62,SENSOR,9998.74
95,63,SENSOR,9998.74
95,64,SENSOR,9998.74
95,65,SENSOR,9998.74
95,66,SENSOR,9998.74
95,67,SENSOR,9998.74
95,68,SENSOR,9998.74
95,69,SENSOR,9998.74
95,70,SENSOR,9998.74
95,71,SENSOR,9998.74
95,72,SENSOR,9998.74
95,73,SENSOR,9998.74
95,74,SENSOR,9998.74
95,75,SENSOR,9998.74
95,76,SENSOR,9998.74
95,77,SENSOR,9998.74
95,78,SENSOR,9998.74
95,79,SENSOR,9998.74
95,80,SENSOR,9998.74
95,81,SENSOR,9998.74
95,82,SENSOR,9998.74
95,83,SENSOR,9998.74
95,84,SENSOR,9998.74
95,85,SENSOR,9998.74
95,86,SENSOR,9998.74
95,87,SENSOR,9998.74
95,88,SENSOR,9998.74
95,89,SENSOR,9998.74
95,90,SENSOR,9998.74
95,91,SENSOR,9998.74
95,92,SENSOR,9998.74
95,93,SENSOR,9998.74
95,94,SENSOR,9998.74
95,95,SENSOR,9998.74
95,96,SENSOR,9998.74
95,97,SENSOR,9998.74
95,98,SENSOR,9998.74
95,99,SENSOR,9998.74
95,100,CH,9992.98
95,101,CH,9992.98
95,102,CH,9992.98
95,103,CH,9992.98
95,104,CH,9992.98
95,105,CH,9992.98
95,106,CH,9992.98
95,107,CH,9992.98
95,108,CH,9992.98
95,109,CH,9992.98
